{
    "$schema": "https://schema.management.azure.com/schemas/2015-01-01/deploymentTemplate.json#",
    "contentVersion": "1.0.0.0",
    "parameters": {
        "storageAccountName": {
            "type": "String"
        }
    },
    "resources": [{
        "type": "Microsoft.Storage/storageAccounts",
        "name": "[parameters('storageAccountName')]",
        "apiVersion": "2016-01-01",
        "location": "westus",
        "sku": {
            "name": "Standard_LRS"
        },
        "kind": "Storage",
        "properties": {       
        }
    }],
    "outputs": {      
    }
}