{
   "$schema": "https://schema.management.azure.com/schemas/0.1.2-preview/CreateUIDefinition.MultiVm.json",
   "handler": "Microsoft.Compute.MultiVm",
   "version": "0.1.2-preview",
   "parameters": {
      "basics": [
      {
        "name": "storageAccountName",
        "type": "Microsoft.Common.TextBox",
        "defaultValue": "",
        "label": "ストレージ アカウント名",
        "toolTip": "ストレージ アカウント名を入力してください。これは、全世界でユニークである必要があります。例)mystorage",
        "constraints": {"required": true }
      }
    ],
      "steps": [ ],
      "outputs": { 
          "storageAccountName": "[basics('storageAccountName')]",
      }
   }
}